{"cameraMode":{"drawMode":0,"name":"Shaded","section":"Shading Mode"},"sceneLighting":true,"audioPlay":false,"sceneViewState":{"showFog":true,"showMaterialUpdate":false,"showSkybox":true,"showFlares":true,"showImageEffects":true,"showParticleSystems":true},"in2DMode":false,"pivot":{"x":8.44538688659668,"y":-28.023414611816408,"z":171.303466796875},"rotation":{"x":-0.048818014562129977,"y":-0.054211053997278216,"z":0.002654531504958868,"w":-0.9973337054252625},"size":110.2752685546875,"orthographic":false}